FileSizeMB,BlockSizeMB,ThroughputMBs,CPU0,CPU1,CPU2,CPU3,CPU4,CPU5,CPU6,CPU7,CPU8,CPU9,CPU10,CPU11
3000,1048576,2.34883338926166601368e+02,8.93416927899686541537e+00,9.74643423137876396822e+00,8.79556259904912884906e+00,7.34375000000000000000e+00,1.36792452830188668855e+01,3.27639751552795033263e+01,1.40711462450592872386e+01,1.56985871271585555320e+01,1.65880503144654092296e+01,6.78768745067087664324e+00,1.12068965517241387886e+01,1.58061953931691814290e+01
3000,1048576,2.57954499921667832041e+02,1.54305200341005974707e+01,4.64716006884681576139e+00,9.33448573898012057271e+00,1.35461604831751518674e+01,1.68240343347639473848e+01,2.59036144578313241027e+01,6.39585133967156416190e+00,8.18102697998259387191e+00,1.63652024117140371118e+01,1.25000000000000000000e+01,1.68831168831168838551e+01,1.32352941176470597640e+01
3000,1048576,2.99648063349595872751e+02,1.00297914597815296389e+01,7.79999999999999982236e+00,9.56696878147029217132e+00,1.15346038114343034664e+01,1.98801198801198815147e+01,2.78000000000000042633e+01,1.14457831325301206959e+01,1.01419878296146048768e+01,1.09000000000000003553e+01,1.21730382293762584567e+01,8.47457627118643941344e+00,2.36068895643363738657e+01
3000,1048576,2.71518914822163253575e+02,1.31221719457013588084e+01,4.80072463768115920146e+00,1.61870503597122308292e+01,9.54545454545454674644e+00,1.07078039927404731202e+01,3.36936936936936959341e+01,6.98096101541251101708e+00,9.90909090909090828347e+00,1.50000000000000000000e+01,1.83897529734675231339e+01,8.63309352517985573172e+00,1.63191296464188582149e+01
3000,1048576,2.90172355608543171002e+02,9.92292870905587598429e+00,1.01941747572815533118e+01,2.01754385964912259510e+01,2.05078125000000000000e+01,9.59843290891283018595e+00,1.69441723800195909178e+01,1.09390125847047432472e+01,8.40664711632453531820e+00,1.21241513094083419588e+01,1.50778210116731514745e+01,1.65530671859785805111e+01,1.20388349514563106624e+01
3000,1048576,2.67584278567364492574e+02,1.53571428571428576504e+01,1.09318996415770612884e+01,8.84476534296028837900e+00,1.21076233183856505349e+01,2.34137622877569242519e+01,1.56862745098039209068e+01,1.31294964028776970366e+01,8.20695807314897507467e+00,1.90647482014388494065e+01,1.40287769784172642318e+01,1.31768953068592065136e+01,9.91957104557640789722e+00
3000,1048576,3.10150609135796344162e+02,1.09856262833675568658e+01,1.58498435870698646255e+01,1.44628099173553703594e+01,1.23966942148760335130e+01,1.55440414507772022290e+01,2.41836734693877559721e+01,4.35684647302904526356e+00,1.03950103950103951433e+01,1.51609553478712353325e+01,2.00211864406779653791e+01,1.66320166320166329399e+01,8.31600831600831646995e+00
3000,1048576,2.92642956084047057175e+02,1.48219441770933606506e+01,1.42857142857142846992e+01,1.03346456692913388764e+01,9.17968750000000000000e+00,1.60908193484698927023e+01,1.34765625000000000000e+01,1.03718199608610568418e+01,1.54832347140039452427e+01,1.87747035573122538210e+01,1.05882352941176467453e+01,1.22549019607843128199e+01,2.00389105058365757372e+01
3000,1048576,2.87150860447553327504e+02,1.70964660936007639691e+01,9.50570342205323193241e+00,1.07766990291262132473e+01,1.84261036468330132720e+01,1.30769230769230784261e+01,1.57292659675881800752e+01,1.09720885466794992880e+01,9.10834132310642452524e+00,1.55321188878235876274e+01,1.86960690316394995136e+01,1.59769008662175160396e+01,9.51923076923076827427e+00
3000,1048576,2.80100982006032836580e+02,2.55319148936170208231e+01,1.54418604651162780783e+01,9.18462980318650501488e+00,1.29277566539923949307e+01,1.19402985074626855067e+01,7.96626054358013124812e+00,1.89671361502347437522e+01,1.00093545369504219877e+01,1.16431924882629118656e+01,1.16760828625235397737e+01,1.72216936251189345342e+01,1.20640904806786046777e+01
3000,2097152,2.92616980953560698708e+02,2.09803921568627451677e+01,1.09696376101860924024e+01,1.50147203140333669324e+01,1.84494602551521076350e+01,1.34502923976608173007e+01,1.18279569892473119808e+01,6.43902439024390282896e+00,1.35874877810361667230e+01,1.21832358674463936410e+01,1.66830225711481858752e+01,1.66015625000000000000e+01,9.75609756097560953947e+00
3000,2097152,3.57646457416466887480e+02,1.27380952380952372494e+01,2.06937799043062184978e+01,1.07270560190703214687e+01,1.91980558930741196377e+01,1.19047619047619033239e+01,1.26050420168067223159e+01,1.66064981949458498889e+01,1.44578313253012034068e+01,1.60332541567695976426e+01,1.26811594202898554329e+01,1.12183353437876949243e+01,1.38888888888888892836e+01
3000,2097152,2.89102818550108906948e+02,1.02514506769825910482e+01,1.21647509578544052999e+01,1.54069767441860463464e+01,1.21241513094083419588e+01,1.24151309408341425922e+01,1.28970163618864290811e+01,1.16682738669238190710e+01,1.43269230769230766498e+01,1.02514506769825910482e+01,2.29571984435797666890e+01,1.90935390549662500348e+01,1.29377431906614805968e+01
3000,2097152,3.19128328628140707224e+02,1.34171907756813428847e+01,1.08649789029535863705e+01,1.41489361702127673937e+01,8.69565217391304301486e+00,1.40276301806588730159e+01,1.33547008547008552171e+01,9.74304068522483923687e+00,1.16204690831556511910e+01,1.91648822269807297403e+01,1.76093916755602997171e+01,1.47311827956989240818e+01,1.92513368983957207092e+01
3000,2097152,2.86329813003725746512e+02,1.27497621313035214285e+01,1.58501440922190202087e+01,1.24164278892072577065e+01,1.56695156695156683213e+01,1.50283553875236286501e+01,1.06666666666666678509e+01,1.22840690978886755147e+01,1.67307692307692299494e+01,1.41898370086289560277e+01,1.40939597315436238034e+01,1.64107485604606537777e+01,1.18934348239771647826e+01
3000,2097152,3.18027584440564055512e+02,1.35932560590094837494e+01,1.57007376185458369378e+01,1.16204690831556511910e+01,2.41452991452991447829e+01,1.25531914893617013718e+01,8.12236286919831229625e+00,5.01600853788687306434e+00,1.92102454642475990454e+01,1.26865671641791042390e+01,1.05769230769230766498e+01,1.64179104477611943480e+01,1.78609625668449218949e+01
3000,2097152,3.10934187255346614620e+02,1.62162162162162175605e+01,1.62330905306971899904e+01,1.50156412930135569894e+01,1.14583333333333321491e+01,1.54084798345398148456e+01,1.39293139293139294210e+01,8.48167539267015690996e+00,1.14016736401673650647e+01,1.69811320754716987835e+01,1.42414860681114561203e+01,1.31440588853838047356e+01,1.32154006243496358053e+01
3000,2097152,3.05733730379537860244e+02,1.56822810590631362970e+01,1.67006109979633379226e+01,1.86925434116445359223e+01,1.88583078491335385252e+01,1.09631147540983597821e+01,1.61356628982528249594e+01,1.07361963190184059869e+01,1.11111111111111107164e+01,1.07614213197969537106e+01,1.31632653061224491609e+01,1.03377686796315249040e+01,1.30879345603272003729e+01
3000,2097152,2.97536841259632126366e+02,1.05108055009823182502e+01,1.73611111111111107164e+01,1.22632103688933202790e+01,1.59362549800796813315e+01,1.07892107892107880218e+01,1.63509471585244270386e+01,1.18929633300297314946e+01,2.06861755802219988709e+01,1.76938369781312125895e+01,9.72222222222222320909e+00,1.13659022931206372675e+01,1.16947472745292362362e+01
3000,2097152,3.15157566176785735479e+02,1.60289555325749724091e+01,1.05759162303664915328e+01,1.00105374077976811975e+01,1.77966101694915259657e+01,1.39978791092258738615e+01,1.44973544973544967718e+01,1.19198312236286927401e+01,1.36743215031315230590e+01,1.44220572640509026030e+01,9.34873949579831986512e+00,1.87103594080338275774e+01,1.86119873817034715557e+01
3000,4194304,3.20354457257080298405e+02,1.59188034188034173155e+01,1.61670235546038547625e+01,1.76025917926565895755e+01,1.13733905579399134922e+01,8.09371671991480390318e+00,1.20171673819742483857e+01,1.25000000000000000000e+01,9.39167556029882533153e+00,1.67381974248927036797e+01,1.15834218916046758352e+01,1.86368477103301373177e+01,8.18965517241379359348e+00
3000,4194304,3.38386343810000141730e+02,1.37853107344632768161e+01,1.36924803591470247710e+01,1.05736782902137225193e+01,1.23442808607021525802e+01,1.01366742596810937016e+01,9.04977375565610842045e+00,1.14994363021420511473e+01,1.60409556313993171273e+01,1.86788154897494322881e+01,1.50513112884834647787e+01,1.43507972665148066937e+01,1.40589569160997740482e+01
3000,4194304,3.33937797851644575076e+02,1.59645232815964508433e+01,1.75811870100783878001e+01,2.21724524076147808671e+01,1.64062500000000000000e+01,1.02908277404921690845e+01,1.58305462653288735453e+01,1.22358175750834252682e+01,1.55829596412556057317e+01,1.38047138047138062689e+01,1.14478114478114481045e+01,1.08379888268156427955e+01,5.90200445434298437419e+00
3000,4194304,3.10505487408226201751e+02,1.44763860369609869139e+01,1.53686396677050893800e+01,1.40167364016736399890e+01,1.46845915201654602100e+01,1.14107883817427389062e+01,1.52083333333333321491e+01,1.12734864300626309586e+01,1.43749999999999982236e+01,1.87954309449636554064e+01,1.21875000000000000000e+01,1.50785340314136124817e+01,1.45245559038662488405e+01
3000,4194304,3.44957282214956933331e+02,1.73963133640552989334e+01,1.45518044237485462133e+01,1.26146788990825680088e+01,1.06481481481481488061e+01,9.03823870220162106648e+00,7.72779700115340251187e+00,1.16225546605293441615e+01,1.37485311398354870249e+01,1.43518518518518511939e+01,1.57110091743119273389e+01,1.57772621809744766352e+01,1.46620847651775498832e+01
3000,4194304,3.44757445898937817219e+02,1.30884041331802531971e+01,9.44700460829493060544e+00,1.95177956371986240924e+01,1.13793103448275871870e+01,1.10854503464203233420e+01,1.43021914648212238319e+01,7.62124711316397185357e+00,1.32794457274826775972e+01,1.62383177570093479858e+01,1.84421534936998874343e+01,1.62442396313364056937e+01,1.05868814729574225453e+01
3000,4194304,3.48533255881498689632e+02,1.13450292397660810195e+01,1.86761229314420802439e+01,1.29824561403508766944e+01,1.22685185185185190448e+01,7.43321718931475050596e+00,1.89314750290360045426e+01,1.24708624708624711275e+01,1.63337250293772022758e+01,1.05324074074074065521e+01,1.69570267131242751191e+01,6.96864111498257798871e+00,1.09941520467836255648e+01
3000,4194304,2.89545831920188788899e+02,1.62343900096061481975e+01,1.75048355899419725290e+01,1.19070667957405618154e+01,1.99226305609284324305e+01,2.59402121504339433500e+01,2.10731707317073180263e+01,1.51811949069539657842e+01,1.96116504854368933763e+01,1.77949709864603491383e+01,2.04878048780487809211e+01,1.37596899224806197282e+01,1.31021194605009636547e+01
3000,4194304,3.64802271696706327475e+02,1.07748184019370452091e+01,1.32281553398058253634e+01,1.10705596107055956878e+01,1.32029339853300733409e+01,2.25247524752475243304e+01,1.31449631449631461066e+01,1.13526570048309185523e+01,1.03532277710109621438e+01,1.69512195121951236843e+01,2.00000000000000000000e+01,1.18932038834951452344e+01,1.49693251533742319737e+01
3000,4194304,3.31768491946319841190e+02,1.39072847682119196122e+01,1.69811320754716987835e+01,1.10253583241455341835e+01,1.03524229074889859703e+01,1.84855233853006666322e+01,1.44766146993318489677e+01,1.31549609810479353200e+01,1.65745856353591136667e+01,1.31256952169076761550e+01,1.37513751375137527333e+01,1.11849390919158366842e+01,7.50551876379690874330e+00
3000,8388608,3.59076484009246939877e+02,1.66467065868263475181e+01,1.42340168878166473121e+01,1.53293413173652695036e+01,7.87589498806682541954e+00,1.06459330143540675806e+01,2.15757575757575743580e+01,1.43540669856459324194e+01,1.01326899879372742674e+01,1.12709832134292557981e+01,1.00840336134453778527e+01,9.92736077481840162307e+00,1.07655502392344502027e+01
3000,8388608,3.33898103425382714704e+02,1.26116071428571423496e+01,1.59192825112107616548e+01,1.47522522522522514521e+01,1.77060133630289513462e+01,1.27919911012235818504e+01,1.28205128205128193741e+01,9.06040268456375841311e+00,1.30726256983240229914e+01,1.26126126126126116844e+01,1.14955357142857135244e+01,7.96857463524130160692e+00,1.16926503340757239613e+01
3000,8388608,3.59034155038846904517e+02,1.13095238095238102005e+01,7.40740740740740655212e+00,2.41837968561064116102e+01,1.38888888888888892836e+01,8.40336134453781546938e+00,1.36473429951690814477e+01,9.11270983213429275338e+00,1.53753026634382568005e+01,1.28605769230769215739e+01,1.95652173913043476716e+01,1.67469879518072310987e+01,5.86826347305389273146e+00
3000,8388608,3.72258086531392223151e+02,1.08208955223880582963e+01,1.23287671232876707705e+01,8.62500000000000000000e+00,1.08750000000000000000e+01,8.33333333333333214910e+00,1.12345679012345680547e+01,1.47500000000000000000e+01,1.53558052434456921986e+01,1.86650185414091467351e+01,1.64179104477611943480e+01,1.65206508135168945728e+01,1.30272952853598020795e+01
3000,8388608,3.34144375988162380509e+02,1.59598214285714270488e+01,9.84340044742729247673e+00,7.46102449888641494624e+00,1.50224215246636756405e+01,1.13483146067415727742e+01,1.72645739910313906762e+01,9.31537598204264938317e+00,1.09131403118040086753e+01,1.15555555555555553582e+01,1.75946547884187083355e+01,1.82326621923937359782e+01,7.14285714285714234961e+00
3000,8388608,3.59816249037941304323e+02,2.08133971291866046727e+01,1.12845138055222093953e+01,9.80629539951573825363e+00,1.19076549210206561469e+01,9.66183574879227080601e+00,1.13908872901678659417e+01,1.70468187274909972473e+01,1.67070217917675556407e+01,1.03241296518607441612e+01,1.80048661800486620166e+01,1.42168674698795189926e+01,7.56302521008403338953e+00
3000,8388608,2.97972268912821334652e+02,1.94471865745310950047e+01,1.06893106893106892841e+01,1.27127127127127117490e+01,9.32539682539682601714e+00,2.18436873747494999520e+01,1.12437810945273639618e+01,8.42418235877106091891e+00,7.60760760760760845756e+00,1.59362549800796813315e+01,1.50000000000000000000e+01,1.22754491017964060262e+01,7.10710710710710635851e+00
3000,8388608,3.65896182812465895040e+02,8.27250608272506049445e+00,1.91747572815533970925e+01,8.59950859950859936021e+00,1.70761670761670742991e+01,1.64821648216482152804e+01,1.19512195121951219079e+01,1.00244498777506123588e+01,9.57055214723926361842e+00,1.24694376528117363279e+01,7.82396088019559865501e+00,1.64215686274509806708e+01,1.74876847290640391464e+01
3000,8388608,3.36620734019463611730e+02,9.90990990990990994192e+00,1.35135135135135140416e+01,1.34160090191657275227e+01,1.18834080717488781431e+01,8.88638920134983223420e+00,2.05417607223476288425e+01,8.68094701240135435683e+00,4.94938132733408320263e+00,1.16121758737316795873e+01,9.30493273542600896064e+00,1.67042889390519206927e+01,2.16949152542372871721e+01
3000,8388608,3.59696574357734789373e+02,1.33574007220216621761e+01,1.35654261704681857736e+01,1.82587666263603409789e+01,1.12048192771084345054e+01,1.31642512077294693285e+01,8.19277108433735001825e+00,1.65259348612786496346e+01,1.28174123337363976560e+01,2.18181818181818165669e+01,8.53365384615384670042e+00,9.98796630565583676287e+00,7.67386091127098257658e+00
3000,16777216,3.60351659977939277724e+02,1.16586538461538467004e+01,6.82634730538922163134e+00,1.62259615384615401013e+01,7.41626794258373145396e+00,1.35980746089049340242e+01,1.64053075995174921786e+01,1.48910411622276033228e+01,1.77458033573141484851e+01,1.93509615384615401013e+01,7.34055354993983044665e+00,6.79611650485436857849e+00,1.10843373493975896338e+01
3000,16777216,3.59745012734973443003e+02,1.19189511323003571874e+01,2.38323353293413155995e+01,1.20336943441636581298e+01,5.49581839904420554888e+00,1.42344497607655497973e+01,1.31325301204819275824e+01,1.26050420168067223159e+01,1.16306954436450844526e+01,1.26353790613718395264e+01,1.29341317365269468098e+01,9.49519230769230659917e+00,1.28915662650602413919e+01
3000,16777216,4.24032403990936472837e+02,1.05932203389830501550e+01,1.51343705799151351243e+01,7.32394366197183099843e+00,2.41867043847241873777e+01,1.39830508474576262756e+01,1.03399433427762037496e+01,1.33144475920679870029e+01,1.50997150997150999530e+01,1.18741058655221749518e+01,1.42857142857142846992e+01,1.42253521126760560378e+01,7.64872521246458969557e+00
3000,16777216,3.83401574553586385719e+02,9.43877551020408134264e+00,1.12820512820512828256e+01,1.47668393782383411406e+01,9.02061855670103085458e+00,8.45070422535211207560e+00,1.89258312020460373049e+01,1.00893997445721588235e+01,1.29321382842509606803e+01,8.80102040816326613992e+00,6.39386189258312054307e+00,1.10967741935483861226e+01,2.68292682926829293422e+01
3000,16777216,3.71862733565433529748e+02,1.49014778325123167235e+01,8.07453416149068381458e+00,1.10696517412935317992e+01,9.05707196029776540058e+00,7.42574257425742523253e+00,8.55018587360594750635e+00,1.23904881101376727059e+01,8.76543209876543194525e+00,1.31677018633540363624e+01,2.30864197530864210250e+01,2.18476903870162288968e+01,1.61290322580645160144e+01
3000,16777216,3.94515083100657079740e+02,2.18586387434554971776e+01,1.03538663171690696885e+01,7.50000000000000000000e+00,1.33421400264200791241e+01,1.03448275862068967967e+01,1.18265440210249686004e+01,1.05540897097625325785e+01,1.77483443708609271994e+01,7.13342140026420068466e+00,9.93377483443708619859e+00,1.80263157894736849585e+01,1.11842105263157893802e+01
3000,16777216,3.60079519961188225352e+02,7.31414868105515658669e+00,1.10709987966305654083e+01,1.15384615384615383249e+01,1.15751789976133654392e+01,7.19424460431654644310e+00,2.20623501199040745746e+01,1.18279569892473119808e+01,1.89613526570048307462e+01,6.61057692307692335021e+00,1.03489771359807463114e+01,1.72705314009661812236e+01,1.66866746698679477845e+01
3000,16777216,3.70813515411009689160e+02,1.09045848822800497402e+01,1.58415841584158414435e+01,1.46948941469489415823e+01,4.59057071960297768953e+00,4.82076637824474651950e+00,2.03726708074534172965e+01,8.81987577639751485492e+00,1.47459727385377945552e+01,2.17552533992583434497e+01,1.03105590062111804883e+01,8.39506172839506170646e+00,1.37717121588089330686e+01
3000,16777216,4.07910638200668131503e+02,2.09876543209876516016e+01,1.34510869565217383581e+01,5.42740841248303951261e+00,1.25511596180081870244e+01,8.69565217391304301486e+00,1.04904632152588543903e+01,9.07859078590785806284e+00,2.22677595628415296858e+01,1.40326975476839219681e+01,9.94550408719346101805e+00,1.20218579234972668957e+01,1.46540027137042052630e+01
3000,16777216,3.62388385887098365856e+02,1.46489104116222765839e+01,1.04693140794223822354e+01,7.29927007299269980933e+00,3.49819059107358265592e+00,1.31325301204819275824e+01,8.71670702179176615232e+00,1.32603406326034072293e+01,1.33896260554885397909e+01,1.53658536585365848026e+01,1.63636363636363633134e+01,1.48910411622276033228e+01,2.45742092457420930884e+01
3000,33554432,4.01434566567084118560e+02,1.16310160427807485206e+01,1.05405405405405403485e+01,8.63697705802968940247e+00,8.85906040268456429487e+00,1.92513368983957207092e+01,6.55080213903743313608e+00,1.25168236877523533224e+01,8.56760374832663984535e+00,1.32352941176470597640e+01,1.13941018766756041458e+01,7.40242261103633936159e+00,2.99457994579945818714e+01
3000,33554432,4.01367485781891275565e+02,8.95721925133689822474e+00,1.45748987854251002005e+01,6.66666666666666696273e+00,1.94666666666666650087e+01,8.99328859060402763248e+00,1.18193891102257637726e+01,9.59999999999999964473e+00,9.39597315436241586895e+00,1.91891891891891894772e+01,1.19946091644204848592e+01,7.53701211305518192773e+00,2.15240641711229940825e+01
3000,33554432,3.70709913190859651877e+02,1.32262051915945608727e+01,9.30521091811414358119e+00,1.74504950495049477865e+01,1.21739130434782616419e+01,6.55129789864029721258e+00,1.62531017369727059929e+01,4.07911001236093984090e+00,1.66872682323856587061e+01,2.89408866995073914552e+01,7.91100123609394234592e+00,8.68486352357320079420e+00,6.93928128872366833946e+00
3000,33554432,4.32932231241804061028e+02,3.38616714697406351320e+01,9.71014492753623237320e+00,1.17221418234442840145e+01,1.68345323741007177887e+01,9.11722141823444331976e+00,2.11901306240928875013e+01,4.63096960926193901287e+00,4.91329479768786114846e+00,1.58959537572254347992e+01,5.93342981186685936024e+00,6.37681159420289844775e+00,1.13043478260869569851e+01
3000,33554432,3.75440908416822026084e+02,1.04868913857677910073e+01,1.03620474406991256444e+01,6.63329161451814819372e+00,1.82728410513141419358e+01,7.16981132075471716547e+00,1.43749999999999982236e+01,5.24344569288389550366e+00,6.90087829360100357690e+00,4.06052963430012638923e+01,9.55974842767295740487e+00,1.16687578419071513736e+01,9.14786967418546304032e+00
3000,33554432,3.91180904738843707946e+02,8.47457627118643941344e+00,1.27107652399481185768e+01,5.11811023622047223114e+00,1.69491525423728788269e+01,8.91218872870249079199e+00,1.14023591087811269063e+01,1.37254901960784323478e+01,9.53002610966057517317e+00,1.30208333333333339255e+01,1.51832460732984291241e+01,7.98429319371727785892e+00,2.36910994764397884182e+01
3000,33554432,4.08024703447645549659e+02,1.76870748299319728858e+01,1.34510869565217383581e+01,1.00543478260869569851e+01,1.26530612244897948671e+01,2.02721088435374134917e+01,1.23287671232876707705e+01,1.73972602739726021071e+01,1.31506849315068485851e+01,7.29023383768913380010e+00,1.10054347826086953432e+01,1.24657534246575352199e+01,9.94550408719346101805e+00
3000,33554432,3.70652569678667703101e+02,7.29295426452410389118e+00,1.44963144963144969779e+01,2.34491315136476430325e+01,1.14002478314745978594e+01,1.27633209417596038548e+01,9.51792336217552481514e+00,1.91011235955056157820e+01,1.41439205955334994513e+01,8.66336633663366306735e+00,1.56596794081381016639e+01,7.94044665012406980509e+00,8.50801479654747261350e+00
3000,33554432,4.18440388982185595523e+02,1.02209944751381218708e+01,5.18207282913165290239e+00,8.05555555555555535818e+00,9.06555090655509054898e+00,1.44055944055944049609e+01,2.29691876750700281207e+01,2.41958041958041967234e+01,5.60224089635854394231e+00,1.21848739495798312760e+01,1.36235955056179776079e+01,1.80925666199158463598e+01,1.04895104895104900322e+01
3000,33554432,4.28887396043056298822e+02,1.69515669515669529233e+01,7.71428571428571352442e+00,7.41797432239657705821e+00,6.03448275862068950204e+00,2.27338129496402885366e+01,8.58369098712446287891e+00,6.12535612535612550289e+00,1.01010101010101003283e+01,1.88218390804597710542e+01,1.80774748923959833746e+01,2.29555236728837890325e+01,9.72818311874105923209e+00
3000,67108864,3.72305393178695055667e+02,1.60602258469259702167e+01,5.71428571428571441260e+00,7.72104607721046143354e+00,5.58312655086848597108e+00,1.55472636815920388642e+01,3.83561643835616408182e+01,8.96637608966376120634e+00,1.21137206427688504107e+01,9.40594059405940541296e+00,7.58706467661691519311e+00,7.72104607721046143354e+00,1.07407407407407404776e+01
3000,67108864,4.22428176297301547493e+02,1.01838755304101837851e+01,8.84831460674157277424e+00,1.18980169971671401186e+01,7.31364275668073116066e+00,1.28169014084507040252e+01,1.76803394625176792943e+01,9.88700564971751383325e+00,1.22881355932203391035e+01,1.33144475920679870029e+01,2.63751763046544418501e+01,8.56741573033707837226e+00,7.59493670886075999960e+00
3000,67108864,4.08768353699081103514e+02,1.48247978436657685819e+01,4.78796169630642953763e+00,3.55463347164591993987e+01,9.27694406548430983150e+00,8.27679782903663507909e+00,1.01508916323731135378e+01,7.68175582990397831651e+00,1.51639344262295079346e+01,8.95522388059701412999e+00,1.02319236016371082343e+01,5.85831062670299740347e+00,1.56462585034013610397e+01
3000,67108864,3.67693380979858716273e+02,9.03540903540903528324e+00,1.09202453987730052631e+01,1.45320197044334964431e+01,1.74447174447174440104e+01,1.59851301115241621886e+01,2.20588235294117644969e+01,1.31773399014778327398e+01,1.31127450980392161739e+01,8.87792848335388384839e+00,7.73006134969325131578e+00,3.80368098159509226974e+00,1.19311193111931110877e+01
3000,67108864,4.24986545634276126293e+02,1.51685393258426977070e+01,1.38810198300283289541e+01,1.51988636363636349103e+01,1.46514935988620198515e+01,2.34042553191489375308e+01,1.00424328147100414554e+01,2.67045454545454532536e+01,1.13636363636363633134e+01,9.52380952380952372494e+00,1.38176638176638171274e+01,7.57363253856942453268e+00,9.65909090909090828347e+00
3000,67108864,3.78518471133613616075e+02,1.35849056603773590268e+01,8.94206549118387883368e+00,1.26903553299492379836e+01,1.12515802781289497858e+01,8.61850443599493054592e+00,1.70886075949367075566e+01,8.20707070707070762694e+00,2.13114754098360634771e+01,1.01631116687578426649e+01,2.05063291139240533312e+01,7.22433460076045541598e+00,2.12198221092757286499e+01
3000,67108864,4.26749695087342843181e+02,1.79231863442389744989e+01,1.05263157894736831821e+01,1.56472261735419646556e+01,9.70042796005706264850e+00,1.01283880171184019758e+01,7.01001430615164444760e+00,7.87965616045845251847e+00,1.95121951219512190789e+01,1.60000000000000000000e+01,2.56776034236804573396e+00,2.43281471004243279310e+01,8.27389443651925837742e+00
3000,67108864,4.24723855167466467719e+02,9.34844192634560933186e+00,1.14730878186968840993e+01,1.14122681883024252869e+01,6.25000000000000000000e+00,1.12056737588652470805e+01,1.27840909090909082835e+01,2.18750000000000000000e+01,9.87306064880112899118e+00,3.40909090909090872756e+00,1.10953058321479378634e+01,4.82954545454545414174e+00,3.12410841654778899112e+01
3000,67108864,3.86876928259089936546e+02,1.20512820512820510999e+01,1.65374677002584000718e+01,9.52380952380952372494e+00,1.72903225806451636970e+01,1.21447028423772618311e+01,4.90322580645161298918e+00,1.55642023346303499665e+01,1.02199223803363512530e+01,9.02061855670103085458e+00,1.24352331606217614279e+01,7.34536082474226859063e+00,1.98443579766536970510e+01
3000,67108864,4.42798741920214467882e+02,2.67751479289940803596e+01,1.37370753323485974562e+01,1.87869822485207080831e+01,4.89614243323442099864e+00,1.03857566765578646084e+01,7.81710914454277361330e+00,1.89552238805970141300e+01,5.76923076923076916245e+00,1.36094674556213011130e+01,1.29985228951255535890e+01,9.83606557377049206536e+00,5.60471976401179894367e+00
3000,134217728,3.80120604665448240667e+02,1.82509505703422050260e+01,1.33757961783439487391e+01,2.95685279187817293689e+01,6.48030495552731888864e+00,2.92249047013977136800e+00,9.48166877370417182647e+00,4.82233502538071068244e+00,8.11153358681875680247e+00,1.40328697850821750848e+01,8.38627700127064734659e+00,2.43622448979591830209e+01,1.00636942675159239968e+01
3000,134217728,3.81145882061775637339e+02,1.10406091370558367970e+01,9.54198473282442805044e+00,3.14393939393939376714e+01,3.43074968233799282302e+00,4.21994884910485890117e+00,1.14503816793893129500e+01,1.65184243964421852979e+01,1.20711562897077495649e+01,5.34351145038167896217e+00,1.62849872773536894499e+01,1.07006369426751604124e+01,1.52477763659466329926e+01
3000,134217728,4.38373010718073999215e+02,6.84133915574963591411e+00,2.15226939970717445760e+01,3.09171597633136130412e+01,1.38483965014577279362e+01,1.74231332357247445941e+01,1.01321585903083697389e+01,4.53879941434846312376e+00,5.54744525547445288538e+00,1.29548762736535643114e+01,9.37500000000000000000e+00,3.66032210834553461964e+00,6.60792951541850204222e+00
3000,134217728,3.83272799653214747195e+02,1.14649681528662430452e+01,9.92268041237113429531e+00,1.98463508322663244599e+01,5.99489795918367285310e+00,7.64331210191082810468e+00,1.13956466069142123843e+01,2.14377406931964067383e+01,1.66240409207161143890e+00,1.84810126582278506646e+01,1.61538461538461532996e+01,9.93630573248407777953e+00,1.45244215938303327107e+01
3000,134217728,4.21883549733812571958e+02,1.51343705799151351243e+01,9.85915492957746408820e+00,2.96875000000000000000e+01,1.29577464788732381606e+01,6.60112359550561755839e+00,1.09859154929577478299e+01,1.12517580872011251358e+01,5.89887640449438155343e+00,5.80736543909348412740e+00,1.62200282087447114066e+01,9.15492957746478985825e+00,1.52327221438645992180e+01
3000,134217728,4.14230416497637634166e+02,6.89655172413793060571e+00,3.52697095435684673248e+01,7.87292817679557899169e+00,1.38312586445366534349e+01,7.19225449515905879139e+00,1.16343490304709149541e+01,1.08665749656121057853e+01,1.64819944598337961850e+01,6.49171270718232040764e+00,1.45454545454545449701e+01,1.22589531680440781969e+01,6.89655172413793060571e+00
3000,134217728,3.80395964303135542650e+02,8.59671302149178195862e+00,4.38931297709923669004e+01,3.79746835443037999980e+00,2.09068010075566732553e+01,9.28753180661577637522e+00,5.86734693877551016783e+00,3.03413400758533491341e+00,8.64040660736975851819e+00,1.47582697201017793986e+01,1.54731457800511513767e+01,2.29591836734693899302e+00,9.57854406130268287711e+00
3000,134217728,4.39040345612560088284e+02,3.41605839416058358893e+01,1.92082111436950135896e+01,5.72687224669603534011e+00,1.43686502177068220476e+01,6.73499267935578327382e+00,6.48011782032400684983e+00,1.25000000000000000000e+01,3.82352941176470606521e+00,1.48093841642228749578e+01,7.59124087591240837014e+00,1.04565537555228278421e+01,9.85294117647058875775e+00
3000,134217728,3.88750241835046267624e+02,8.41968911917098417064e+00,7.41222366710013069735e+00,1.72279792746113997737e+01,1.62337662337662322898e+01,1.91406250000000000000e+01,5.95084087968952157865e+00,2.96391752577319556039e+00,8.03108808290155451459e+00,3.18122555410690992517e+01,6.25000000000000000000e+00,1.33940182054616379048e+01,9.68992248062015626431e+00
3000,134217728,3.89087445976829314986e+02,1.44144144144144146225e+01,6.20957309184993544449e+00,6.74448767833981843722e+00,4.41558441558441572283e+00,1.04922279792746113714e+01,1.74479166666666642982e+01,1.30829015544041435959e+01,1.12418300653594780414e+01,7.00389105058365757372e+00,1.30039011703511064866e+01,2.59114583333333321491e+01,1.64507772020725404616e+01
3000,268435456,3.80446809414536744498e+02,1.11533586818757921577e+01,1.99238578680203026749e+01,4.32569974554707314951e+00,5.93434343434343425372e+00,1.42857142857142846992e+01,2.50319284802043391380e+01,1.07868020304568528189e+01,6.21827411167512700274e+00,7.73130544993662915942e+00,1.17197452229299372561e+01,2.33418367346938779860e+01,6.74300254452926228765e+00
3000,268435456,3.34942321815708908161e+02,1.30289532293986631828e+01,2.10937500000000000000e+01,1.99556541019955635541e+00,2.12290502793296065320e+00,1.31843575418994412018e+01,3.28475336322869964079e+01,7.36607142857142882519e+00,1.07502799552071657274e+01,8.84658454647256498049e+00,1.00783874580067180915e+01,1.19686800894854581401e+01,1.89038031319910508898e+01
3000,268435456,4.00653974126834782510e+02,2.71390374331550781051e+01,2.30666666666666664298e+01,5.34759358288770059175e+00,6.56836461126005399791e+00,1.27688172043010759182e+01,2.13049267643142492545e+00,1.07526881720430100842e+01,1.73387096774193558701e+01,6.02409638554216897433e+00,1.32885906040268455541e+01,1.37516688918558092070e+01,9.49197860962566863918e+00
3000,268435456,3.88571843048061168702e+02,1.92207792207792209638e+01,1.21290322580645160144e+01,8.98437500000000000000e+00,4.39276485788113646436e+00,1.21919584954604403038e+01,1.76240208877284594280e+01,1.23859191655801819110e+01,9.74025974025974150550e+00,5.73663624511082126389e+00,2.73081924577373236218e+00,2.05194805194805205417e+01,2.14285714285714270488e+01
3000,268435456,3.91713637484174796555e+02,2.99605781865965816735e+01,5.74412532637075745612e+00,1.32198952879581135278e+01,9.17431192660550465234e+00,1.46788990825688081543e+01,1.87744458930899611460e+01,1.31233595800524938113e+01,1.09803921568627451677e+01,5.11811023622047223114e+00,6.26631853785900716503e+00,1.05468750000000000000e+01,6.27450980392156854037e+00
3000,268435456,4.39669181183565967785e+02,4.11420204978038057675e+01,5.56368960468521223106e+00,1.87958883994126288997e+01,1.02489019033674964021e+01,1.12903225806451601443e+01,1.75438596491228047114e+01,7.36377025036818899650e+00,6.29575402635431924381e+00,1.03953147877013183376e+01,4.09956076134699820557e+00,3.81231671554252216083e+00,1.02639296187683282113e+01
3000,268435456,3.89883459934990810325e+02,7.26329442282749759840e+00,8.49673202614379086128e+00,7.56192959582790180662e+00,9.37500000000000000000e+00,4.41558441558441572283e+00,3.22916666666666714036e+01,1.95026178010471191726e+01,7.55208333333333303727e+00,2.27979274611398956552e+01,2.08062418725617703785e+00,8.59375000000000000000e+00,1.72323759791122732565e+01
3000,268435456,3.71217157954014339794e+02,1.61131611316113172450e+01,7.41656365883807122685e+00,1.11386138613861387370e+01,3.15270935960591138780e+01,3.61145703611457014048e+00,1.78438661710037180796e+01,1.14856429463171032523e+01,6.30407911001235987669e+00,1.47459727385377945552e+01,1.11662531017369719422e+01,8.55018587360594750635e+00,5.08684863523573227440e+00
3000,268435456,4.14002217395876357386e+02,2.44170096021947848897e+01,8.57538035961272449015e+00,4.12087912087912044967e+00,1.10344827586206895020e+00,7.37134909596661991316e+00,4.61752433936022299577e+01,3.73443983402489632084e+00,3.60110803324099748579e+00,9.55678670360110871229e+00,1.05702364394993040264e+01,4.03337969401947127324e+00,2.19140083217753129929e+01
3000,268435456,3.67587010602312147967e+02,2.06349206349206326649e+01,1.27607361963190193421e+01,1.10565110565110558127e+01,3.92638036809815993422e+00,7.21271393643031810683e+00,1.60539215686274516770e+01,1.03194103194103181664e+01,5.16605166051660535942e+00,2.98029556650246334470e+01,9.04645476772616063954e+00,1.07407407407407404776e+01,8.72235872235872200520e+00